frame_id,offset,source,mask_iou,bbox_iou,image
0,0,anchor,1.000000,1.000000,frame_0000_offset_0.png
1,1,lk_raw,0.847943,0.837887,frame_0001_offset_1.png
2,2,lk_raw,0.830716,0.822430,frame_0002_offset_2.png
3,3,lk_raw,0.854015,0.817365,frame_0003_offset_3.png
4,4,lk_raw,0.799314,0.788530,frame_0004_offset_4.png
5,5,lk_raw,0.809028,0.829365,frame_0005_offset_5.png
6,6,lk_raw,0.742200,0.715054,frame_0006_offset_6.png
7,7,lk_raw,0.722222,0.718213,frame_0007_offset_7.png
8,8,lk_raw,0.742251,0.793169,frame_0008_offset_8.png
9,9,lk_raw,0.733990,0.665529,frame_0009_offset_9.png
10,10,lk_raw,0.745363,0.707254,frame_0010_offset_10.png
11,11,lk_raw,0.745875,0.767123,frame_0011_offset_11.png
12,12,lk_raw,0.738288,0.798140,frame_0012_offset_12.png
13,13,lk_raw,0.682443,0.752412,frame_0013_offset_13.png
14,14,lk_raw,0.715856,0.764168,frame_0014_offset_14.png
15,15,lk_raw,0.654676,0.796681,frame_0015_offset_15.png
16,16,lk_raw,0.636364,0.626959,frame_0016_offset_16.png
17,17,lk_raw,0.622771,0.654802,frame_0017_offset_17.png
18,18,lk_raw,0.650943,0.728814,frame_0018_offset_18.png
19,19,lk_raw,0.677376,0.678233,frame_0019_offset_19.png
20,0,anchor,1.000000,1.000000,frame_0020_offset_0.png
21,1,lk_raw,0.817143,0.843215,frame_0021_offset_1.png
22,2,lk_raw,0.824536,0.969697,frame_0022_offset_2.png
23,3,lk_raw,0.743351,0.779874,frame_0023_offset_3.png
24,4,lk_raw,0.804631,0.860927,frame_0024_offset_4.png
25,5,lk_raw,0.763636,0.726397,frame_0025_offset_5.png
26,6,lk_raw,0.772920,0.694215,frame_0026_offset_6.png
27,7,lk_raw,0.771386,0.788018,frame_0027_offset_7.png
28,8,lk_raw,0.712813,0.760993,frame_0028_offset_8.png
29,9,lk_raw,0.713235,0.872358,frame_0029_offset_9.png
30,10,lk_raw,0.659249,0.687820,frame_0030_offset_10.png
31,11,lk_raw,0.698813,0.840909,frame_0031_offset_11.png
32,12,lk_raw,0.656695,0.720946,frame_0032_offset_12.png
33,13,lk_raw,0.670134,0.750181,frame_0033_offset_13.png
34,14,lk_raw,0.670659,0.759119,frame_0034_offset_14.png
35,15,lk_raw,0.635447,0.712635,frame_0035_offset_15.png
36,16,lk_raw,0.650888,0.772120,frame_0036_offset_16.png
37,17,lk_raw,0.604396,0.609471,frame_0037_offset_17.png
38,18,lk_raw,0.572034,0.600000,frame_0038_offset_18.png
39,19,lk_raw,0.578717,0.638396,frame_0039_offset_19.png
40,0,anchor,1.000000,1.000000,frame_0040_offset_0.png
41,1,lk_raw,0.798712,0.713043,frame_0041_offset_1.png
42,2,lk_raw,0.827181,0.914773,frame_0042_offset_2.png
43,3,lk_raw,0.808374,0.776046,frame_0043_offset_3.png
44,4,lk_raw,0.809446,0.856736,frame_0044_offset_4.png
45,5,lk_raw,0.790221,0.775168,frame_0045_offset_5.png
46,6,lk_raw,0.768778,0.798617,frame_0046_offset_6.png
47,7,lk_raw,0.784038,0.855924,frame_0047_offset_7.png
48,8,lk_raw,0.796238,0.861210,frame_0048_offset_8.png
49,9,lk_raw,0.808050,0.843206,frame_0049_offset_9.png
50,10,lk_raw,0.809672,0.878472,frame_0050_offset_10.png
51,11,lk_raw,0.810241,0.843271,frame_0051_offset_11.png
52,12,lk_raw,0.774240,0.795385,frame_0052_offset_12.png
53,13,lk_raw,0.727891,0.697706,frame_0053_offset_13.png
54,14,lk_raw,0.758333,0.737705,frame_0054_offset_14.png
55,15,lk_raw,0.693824,0.692632,frame_0055_offset_15.png
56,16,lk_raw,0.689933,0.759231,frame_0056_offset_16.png
57,17,lk_raw,0.684810,0.679752,frame_0057_offset_17.png
58,18,lk_raw,0.627182,0.714854,frame_0058_offset_18.png
59,19,lk_raw,0.663252,0.684439,frame_0059_offset_19.png
60,0,anchor,1.000000,1.000000,frame_0060_offset_0.png
61,1,lk_raw,0.880389,0.877968,frame_0061_offset_1.png
62,2,lk_raw,0.802436,0.738854,frame_0062_offset_2.png
63,3,lk_raw,0.797927,0.808945,frame_0063_offset_3.png
64,4,lk_raw,0.772440,0.825779,frame_0064_offset_4.png
65,5,lk_raw,0.751843,0.818697,frame_0065_offset_5.png
66,6,lk_raw,0.738407,0.844298,frame_0066_offset_6.png
67,7,lk_raw,0.727494,0.717088,frame_0067_offset_7.png
68,8,lk_raw,0.741359,0.818182,frame_0068_offset_8.png
69,9,lk_raw,0.686600,0.690467,frame_0069_offset_9.png
70,10,lk_raw,0.729070,0.768417,frame_0070_offset_10.png
71,11,lk_raw,0.668455,0.802189,frame_0071_offset_11.png
72,12,lk_raw,0.723558,0.846682,frame_0072_offset_12.png
73,13,lk_raw,0.726744,0.836072,frame_0073_offset_13.png
74,14,lk_raw,0.693169,0.808989,frame_0074_offset_14.png
75,15,lk_raw,0.679054,0.770860,frame_0075_offset_15.png
76,16,lk_raw,0.667025,0.808824,frame_0076_offset_16.png
77,17,lk_raw,0.670639,0.695724,frame_0077_offset_17.png
78,18,lk_raw,0.630297,0.831461,frame_0078_offset_18.png
79,19,lk_raw,0.661638,0.809871,frame_0079_offset_19.png
80,0,anchor,1.000000,1.000000,frame_0080_offset_0.png
81,1,lk_raw,0.791667,0.868852,frame_0081_offset_1.png
82,2,lk_raw,0.787068,0.831948,frame_0082_offset_2.png
83,3,lk_raw,0.771872,0.827586,frame_0083_offset_3.png
84,4,lk_raw,0.733471,0.843750,frame_0084_offset_4.png
85,5,lk_raw,0.729399,0.770485,frame_0085_offset_5.png
86,6,lk_raw,0.649695,0.811817,frame_0086_offset_6.png
87,7,lk_raw,0.742630,0.782895,frame_0087_offset_7.png
88,8,lk_raw,0.648980,0.748768,frame_0088_offset_8.png
89,9,lk_raw,0.689583,0.820895,frame_0089_offset_9.png
90,10,lk_raw,0.745475,0.676923,frame_0090_offset_10.png
91,11,lk_raw,0.641451,0.760327,frame_0091_offset_11.png
92,12,lk_raw,0.634576,0.745131,frame_0092_offset_12.png
93,13,lk_raw,0.677560,0.646552,frame_0093_offset_13.png
94,14,lk_raw,0.628328,0.663934,frame_0094_offset_14.png
95,15,lk_raw,0.662474,0.737288,frame_0095_offset_15.png
96,16,lk_raw,0.622951,0.653846,frame_0096_offset_16.png
97,17,lk_raw,0.592554,0.660700,frame_0097_offset_17.png
98,18,lk_raw,0.618994,0.666667,frame_0098_offset_18.png
99,19,lk_raw,0.601713,0.703704,frame_0099_offset_19.png
100,0,anchor,1.000000,1.000000,frame_0100_offset_0.png
101,1,lk_raw,0.797468,0.796875,frame_0101_offset_1.png
102,2,lk_raw,0.820388,0.938462,frame_0102_offset_2.png
103,3,lk_raw,0.758621,0.892308,frame_0103_offset_3.png
104,4,lk_raw,0.826877,0.969231,frame_0104_offset_4.png
105,5,lk_raw,0.798235,0.812500,frame_0105_offset_5.png
106,6,lk_raw,0.872393,0.921875,frame_0106_offset_6.png
107,7,lk_raw,0.793939,0.830769,frame_0107_offset_7.png
108,8,lk_raw,0.848057,0.934307,frame_0108_offset_8.png
109,9,lk_raw,0.725444,0.712528,frame_0109_offset_9.png
110,10,lk_raw,0.751459,0.833429,frame_0110_offset_10.png
111,11,lk_raw,0.707602,0.703512,frame_0111_offset_11.png
112,12,lk_raw,0.752294,0.901408,frame_0112_offset_12.png
113,13,lk_raw,0.769690,0.819925,frame_0113_offset_13.png
114,14,lk_raw,0.819905,0.892562,frame_0114_offset_14.png
115,15,lk_raw,0.814600,0.845307,frame_0115_offset_15.png
116,16,lk_raw,0.791080,0.860616,frame_0116_offset_16.png
117,17,lk_raw,0.811696,0.965517,frame_0117_offset_17.png
118,18,lk_raw,0.748210,0.844645,frame_0118_offset_18.png
119,19,lk_raw,0.788798,0.907164,frame_0119_offset_19.png
120,0,anchor,1.000000,1.000000,frame_0120_offset_0.png
121,1,lk_raw,0.814910,0.834961,frame_0121_offset_1.png
122,2,lk_raw,0.791328,0.801887,frame_0122_offset_2.png
123,3,lk_raw,0.792503,0.854839,frame_0123_offset_3.png
124,4,lk_raw,0.778231,0.894737,frame_0124_offset_4.png
125,5,lk_raw,0.726131,0.766197,frame_0125_offset_5.png
126,6,lk_raw,0.769335,0.837824,frame_0126_offset_6.png
127,7,lk_raw,0.754814,0.881356,frame_0127_offset_7.png
128,8,lk_raw,0.669318,0.722517,frame_0128_offset_8.png
129,9,lk_raw,0.740693,0.850000,frame_0129_offset_9.png
130,10,lk_raw,0.715507,0.843511,frame_0130_offset_10.png
131,11,lk_raw,0.689977,0.753623,frame_0131_offset_11.png
132,12,lk_raw,0.731421,0.782359,frame_0132_offset_12.png
133,13,lk_raw,0.682103,0.718525,frame_0133_offset_13.png
134,14,lk_raw,0.675252,0.770171,frame_0134_offset_14.png
135,15,lk_raw,0.679245,0.865110,frame_0135_offset_15.png
136,16,lk_raw,0.651332,0.727349,frame_0136_offset_16.png
137,17,lk_raw,0.676903,0.697337,frame_0137_offset_17.png
138,18,lk_raw,0.678571,0.756929,frame_0138_offset_18.png
139,19,lk_raw,0.626551,0.770492,frame_0139_offset_19.png
140,0,anchor,1.000000,1.000000,frame_0140_offset_0.png
141,1,lk_raw,0.846377,0.803245,frame_0141_offset_1.png
142,2,lk_raw,0.819527,0.877759,frame_0142_offset_2.png
143,3,lk_raw,0.713475,0.717895,frame_0143_offset_3.png
144,4,lk_raw,0.727528,0.836895,frame_0144_offset_4.png
145,5,lk_raw,0.691257,0.840751,frame_0145_offset_5.png
146,6,lk_raw,0.678177,0.741139,frame_0146_offset_6.png
147,7,lk_raw,0.610755,0.804981,frame_0147_offset_7.png
148,8,lk_raw,0.607769,0.751426,frame_0148_offset_8.png
149,9,lk_raw,0.562347,0.613333,frame_0149_offset_9.png
150,10,lk_raw,0.547281,0.666667,frame_0150_offset_10.png
151,11,lk_raw,0.489842,0.597658,frame_0151_offset_11.png
152,12,lk_raw,0.456816,0.692308,frame_0152_offset_12.png
153,13,lk_raw,0.403272,0.631240,frame_0153_offset_13.png
154,14,lk_raw,0.418216,0.635843,frame_0154_offset_14.png
155,15,lk_raw,0.336555,0.409595,frame_0155_offset_15.png
156,16,lk_raw,0.305695,0.365570,frame_0156_offset_16.png
157,17,lk_raw,0.330876,0.401157,frame_0157_offset_17.png
158,18,lk_raw,0.299299,0.315934,frame_0158_offset_18.png
159,19,lk_raw,0.285283,0.300435,frame_0159_offset_19.png
160,0,anchor,1.000000,1.000000,frame_0160_offset_0.png
161,1,lk_raw,0.913669,0.935266,frame_0161_offset_1.png
162,2,lk_raw,0.888889,0.850242,frame_0162_offset_2.png
163,3,lk_raw,0.810105,0.807729,frame_0163_offset_3.png
164,4,lk_raw,0.828814,0.830918,frame_0164_offset_4.png
165,5,lk_raw,0.728477,0.850242,frame_0165_offset_5.png
166,6,lk_raw,0.752492,0.888889,frame_0166_offset_6.png
167,7,lk_raw,0.746244,0.888889,frame_0167_offset_7.png
168,8,lk_raw,0.756219,0.790900,frame_0168_offset_8.png
169,9,lk_raw,0.703297,0.846899,frame_0169_offset_9.png
170,10,lk_raw,0.722756,0.829292,frame_0170_offset_10.png
171,11,lk_raw,0.733558,0.845756,frame_0171_offset_11.png
172,12,lk_raw,0.718076,0.756729,frame_0172_offset_12.png
173,13,lk_raw,0.688000,0.865424,frame_0173_offset_13.png
174,14,lk_raw,0.696343,0.767096,frame_0174_offset_14.png
175,15,lk_raw,0.600932,0.705534,frame_0175_offset_15.png
176,16,lk_raw,0.589744,0.772212,frame_0176_offset_16.png
177,17,lk_raw,0.592424,0.812854,frame_0177_offset_17.png
178,18,lk_raw,0.528384,0.795560,frame_0178_offset_18.png
179,19,lk_raw,0.483871,0.771760,frame_0179_offset_19.png
180,0,anchor,1.000000,1.000000,frame_0180_offset_0.png
181,1,lk_raw,0.887395,0.889831,frame_0181_offset_1.png
182,2,lk_raw,0.675910,0.731230,frame_0182_offset_2.png
183,3,lk_raw,0.709828,0.709742,frame_0183_offset_3.png
184,4,lk_raw,0.731366,0.801242,frame_0184_offset_4.png
185,5,lk_raw,0.748457,0.744681,frame_0185_offset_5.png
186,6,lk_raw,0.748103,0.714286,frame_0186_offset_6.png
187,7,lk_raw,0.738288,0.812627,frame_0187_offset_7.png
188,8,lk_raw,0.666667,0.655172,frame_0188_offset_8.png
189,9,lk_raw,0.636792,0.763521,frame_0189_offset_9.png
190,10,lk_raw,0.591528,0.601770,frame_0190_offset_10.png
191,11,lk_raw,0.457726,0.611060,frame_0191_offset_11.png
192,12,lk_raw,0.386334,0.536050,frame_0192_offset_12.png
193,13,lk_raw,0.378197,0.440476,frame_0193_offset_13.png
194,14,lk_raw,0.370988,0.425287,frame_0194_offset_14.png
195,15,lk_raw,0.342140,0.485795,frame_0195_offset_15.png
196,16,lk_raw,0.269860,0.425016,frame_0196_offset_16.png
197,17,lk_raw,0.240566,0.422222,frame_0197_offset_17.png
198,18,lk_raw,0.190816,0.370546,frame_0198_offset_18.png
199,19,lk_raw,0.197790,0.405063,frame_0199_offset_19.png
200,0,anchor,1.000000,1.000000,frame_0200_offset_0.png
201,1,lk_raw,0.825375,0.835558,frame_0201_offset_1.png
202,2,lk_raw,0.819760,0.837181,frame_0202_offset_2.png
203,3,lk_raw,0.795134,0.838227,frame_0203_offset_3.png
204,4,lk_raw,0.765668,0.791774,frame_0204_offset_4.png
205,5,lk_raw,0.797872,0.879950,frame_0205_offset_5.png
206,6,lk_raw,0.756477,0.796128,frame_0206_offset_6.png
207,7,lk_raw,0.743590,0.763636,frame_0207_offset_7.png
208,8,lk_raw,0.742574,0.814089,frame_0208_offset_8.png
209,9,lk_raw,0.698393,0.782158,frame_0209_offset_9.png
210,10,lk_raw,0.696493,0.796266,frame_0210_offset_10.png
211,11,lk_raw,0.686298,0.937500,frame_0211_offset_11.png
212,12,lk_raw,0.659446,0.725146,frame_0212_offset_12.png
213,13,lk_raw,0.604372,0.847458,frame_0213_offset_13.png
214,14,lk_raw,0.598451,0.769231,frame_0214_offset_14.png
215,15,lk_raw,0.576159,0.706284,frame_0215_offset_15.png
216,16,lk_raw,0.565306,0.797101,frame_0216_offset_16.png
217,17,lk_raw,0.507538,0.706434,frame_0217_offset_17.png
218,18,lk_raw,0.529532,0.776844,frame_0218_offset_18.png
219,19,lk_raw,0.512031,0.839294,frame_0219_offset_19.png
220,0,anchor,1.000000,1.000000,frame_0220_offset_0.png
221,1,lk_raw,0.735071,0.885402,frame_0221_offset_1.png
222,2,lk_raw,0.764706,0.805508,frame_0222_offset_2.png
223,3,lk_raw,0.739594,0.742072,frame_0223_offset_3.png
224,4,lk_raw,0.691040,0.776053,frame_0224_offset_4.png
225,5,lk_raw,0.681398,0.741855,frame_0225_offset_5.png
226,6,lk_raw,0.705155,0.788591,frame_0226_offset_6.png
227,7,lk_raw,0.722793,0.766284,frame_0227_offset_7.png
228,8,lk_raw,0.628627,0.725311,frame_0228_offset_8.png
229,9,lk_raw,0.644906,0.809932,frame_0229_offset_9.png
230,10,lk_raw,0.645875,0.743990,frame_0230_offset_10.png
231,11,lk_raw,0.693089,0.900262,frame_0231_offset_11.png
232,12,lk_raw,0.644467,0.743990,frame_0232_offset_12.png
233,13,lk_raw,0.667353,0.740008,frame_0233_offset_13.png
234,14,lk_raw,0.684817,0.916364,frame_0234_offset_14.png
235,15,lk_raw,0.647120,0.821662,frame_0235_offset_15.png
236,16,lk_raw,0.633673,0.745392,frame_0236_offset_16.png
237,17,lk_raw,0.591322,0.772568,frame_0237_offset_17.png
238,18,lk_raw,0.644050,0.768192,frame_0238_offset_18.png
239,19,lk_raw,0.621651,0.754256,frame_0239_offset_19.png
240,0,anchor,1.000000,1.000000,frame_0240_offset_0.png
241,1,lk_raw,0.690594,0.781726,frame_0241_offset_1.png
242,2,lk_raw,0.754993,0.833857,frame_0242_offset_2.png
243,3,lk_raw,0.730366,0.814465,frame_0243_offset_3.png
244,4,lk_raw,0.711230,0.790774,frame_0244_offset_4.png
245,5,lk_raw,0.706112,0.809026,frame_0245_offset_5.png
246,6,lk_raw,0.694915,0.745455,frame_0246_offset_6.png
247,7,lk_raw,0.653453,0.814815,frame_0247_offset_7.png
248,8,lk_raw,0.681046,0.802279,frame_0248_offset_8.png
249,9,lk_raw,0.661823,0.720000,frame_0249_offset_9.png
250,10,lk_raw,0.638773,0.746361,frame_0250_offset_10.png
251,11,lk_raw,0.604716,0.677686,frame_0251_offset_11.png
252,12,lk_raw,0.563202,0.644144,frame_0252_offset_12.png
253,13,lk_raw,0.522255,0.577111,frame_0253_offset_13.png
254,14,lk_raw,0.478645,0.594340,frame_0254_offset_14.png
255,15,lk_raw,0.510903,0.500000,frame_0255_offset_15.png
256,16,lk_raw,0.502222,0.581275,frame_0256_offset_16.png
257,17,lk_raw,0.511848,0.522727,frame_0257_offset_17.png
258,18,lk_raw,0.495370,0.563995,frame_0258_offset_18.png
259,19,lk_raw,0.510172,0.579238,frame_0259_offset_19.png
260,0,anchor,1.000000,1.000000,frame_0260_offset_0.png
261,1,lk_raw,0.867277,0.777547,frame_0261_offset_1.png
262,2,lk_raw,0.852941,0.871179,frame_0262_offset_2.png
263,3,lk_raw,0.825431,0.811966,frame_0263_offset_3.png
264,4,lk_raw,0.837900,0.885167,frame_0264_offset_4.png
265,5,lk_raw,0.793991,0.829694,frame_0265_offset_5.png
266,6,lk_raw,0.801762,0.781250,frame_0266_offset_6.png
267,7,lk_raw,0.829885,0.861244,frame_0267_offset_7.png
268,8,lk_raw,0.858124,0.826087,frame_0268_offset_8.png
269,9,lk_raw,0.849537,0.723404,frame_0269_offset_9.png
270,10,lk_raw,0.835294,0.772727,frame_0270_offset_10.png
271,11,lk_raw,0.856164,0.864486,frame_0271_offset_11.png
272,12,lk_raw,0.854839,0.867580,frame_0272_offset_12.png
273,13,lk_raw,0.781250,0.777778,frame_0273_offset_13.png
274,14,lk_raw,0.788506,0.813953,frame_0274_offset_14.png
275,15,lk_raw,0.822222,0.926829,frame_0275_offset_15.png
276,16,lk_raw,0.775362,0.837838,frame_0276_offset_16.png
277,17,lk_raw,0.760181,0.853659,frame_0277_offset_17.png
278,18,lk_raw,0.785377,0.856041,frame_0278_offset_18.png
279,19,lk_raw,0.756627,0.807990,frame_0279_offset_19.png
280,0,anchor,1.000000,1.000000,frame_0280_offset_0.png
281,1,lk_raw,0.845771,0.789474,frame_0281_offset_1.png
282,2,lk_raw,0.840194,0.900000,frame_0282_offset_2.png
283,3,lk_raw,0.840095,0.875000,frame_0283_offset_3.png
284,4,lk_raw,0.865196,0.918919,frame_0284_offset_4.png
285,5,lk_raw,0.785185,0.763926,frame_0285_offset_5.png
286,6,lk_raw,0.783654,0.831403,frame_0286_offset_6.png
287,7,lk_raw,0.829457,0.788845,frame_0287_offset_7.png
288,8,lk_raw,0.781095,0.822733,frame_0288_offset_8.png
289,9,lk_raw,0.774882,0.972973,frame_0289_offset_9.png
290,10,lk_raw,0.760095,0.829268,frame_0290_offset_10.png
291,11,lk_raw,0.790361,0.852243,frame_0291_offset_11.png
292,12,lk_raw,0.796610,0.903226,frame_0292_offset_12.png
293,13,lk_raw,0.760870,0.831565,frame_0293_offset_13.png
294,14,lk_raw,0.774752,0.760248,frame_0294_offset_14.png
295,15,lk_raw,0.798982,0.863636,frame_0295_offset_15.png
296,16,lk_raw,0.789744,0.795181,frame_0296_offset_16.png
297,17,lk_raw,0.756219,0.775457,frame_0297_offset_17.png
298,18,lk_raw,0.725686,0.750318,frame_0298_offset_18.png
299,19,lk_raw,0.711491,0.837873,frame_0299_offset_19.png
300,0,anchor,1.000000,1.000000,frame_0300_offset_0.png
